epoch,train_loss,val_BLEU_1,val_BLEU_2,val_BLEU_3,val_BLEU_4,val_METEOR,val_ROUGE_L,test_BLEU_1,test_BLEU_2,test_BLEU_3,test_BLEU_4,test_METEOR,test_ROUGE_L,time,seed,best_model_from
1,4.226578136590811,0.3978285356641512,0.2621638430906365,0.18795192752898512,0.14005005599410864,0.1551058433152266,0.3925609598392954,0.43700945877115677,0.2886264678074541,0.20996461928984722,0.1585362204326036,0.17081656738970308,0.4098012696675585,Fri Aug  5 07:27:38 2022,9223,val
1,4.226578136590811,0.3978285356641512,0.2621638430906365,0.18795192752898512,0.14005005599410864,0.1551058433152266,0.3925609598392954,0.43700945877115677,0.2886264678074541,0.20996461928984722,0.1585362204326036,0.17081656738970308,0.4098012696675585,Fri Aug  5 07:27:38 2022,9223,test
