epoch,train_loss,val_BLEU_1,val_BLEU_2,val_BLEU_3,val_BLEU_4,val_METEOR,val_ROUGE_L,test_BLEU_1,test_BLEU_2,test_BLEU_3,test_BLEU_4,test_METEOR,test_ROUGE_L,time,seed,best_model_from
23,0.616915597136204,0.3741389728234537,0.2289320955337939,0.16141049362430868,0.12203405488280189,0.15577113352052793,0.3448369484498627,0.4116851150565088,0.25509564825351366,0.18018146095924398,0.13642612892058406,0.1680339785922089,0.3621418125982276,Mon Aug 15 18:48:50 2022,9223,val
16,0.9743733708675091,0.3704781211406064,0.22498676631906164,0.15465443015154096,0.11386097361119542,0.1515585944900905,0.33776269673655096,0.43344245580044544,0.2774546813658686,0.2017781563294913,0.15714144206159628,0.17941483817729403,0.3702686855486885,Mon Aug 15 18:48:50 2022,9223,test
