epoch,train_loss,val_BLEU_1,val_BLEU_2,val_BLEU_3,val_BLEU_4,val_METEOR,val_ROUGE_L,test_BLEU_1,test_BLEU_2,test_BLEU_3,test_BLEU_4,test_METEOR,test_ROUGE_L,time,seed,best_model_from
23,0.6446981675349749,0.41242562730023635,0.2597127873838348,0.18070754065789438,0.13263575933702254,0.16852570405491085,0.3404174567917833,0.45875259080188757,0.30013176449495055,0.2206005242714118,0.1739543083209959,0.19010928568226867,0.3712216625246934,Fri Aug 19 01:19:48 2022,9223,val
23,0.6446981675349749,0.41242562730023635,0.2597127873838348,0.18070754065789438,0.13263575933702254,0.16852570405491085,0.3404174567917833,0.45875259080188757,0.30013176449495055,0.2206005242714118,0.1739543083209959,0.19010928568226867,0.3712216625246934,Fri Aug 19 01:19:48 2022,9223,test
