epoch,train_loss,val_BLEU_1,val_BLEU_2,val_BLEU_3,val_BLEU_4,val_METEOR,val_ROUGE_L,test_BLEU_1,test_BLEU_2,test_BLEU_3,test_BLEU_4,test_METEOR,test_ROUGE_L,time,seed,best_model_from
1,4.198655150486872,0.4565199622918705,0.2886905241704118,0.19729226366229216,0.14204628300537958,0.17202235204678615,0.38434272826265437,0.49150997113867034,0.3115623146428856,0.21401877903239422,0.15488275890407047,0.18651602043186846,0.3944472788094589,Mon Aug  1 22:12:23 2022,9223,val
1,4.198655150486872,0.4565199622918705,0.2886905241704118,0.19729226366229216,0.14204628300537958,0.17202235204678615,0.38434272826265437,0.49150997113867034,0.3115623146428856,0.21401877903239422,0.15488275890407047,0.18651602043186846,0.3944472788094589,Mon Aug  1 22:12:23 2022,9223,test
