epoch,train_loss,val_BLEU_1,val_BLEU_2,val_BLEU_3,val_BLEU_4,val_METEOR,val_ROUGE_L,test_BLEU_1,test_BLEU_2,test_BLEU_3,test_BLEU_4,test_METEOR,test_ROUGE_L,time,seed,best_model_from
24,0.5474257927674514,0.3974663720443347,0.24676471427676236,0.1715035080501432,0.12701049727203462,0.15418120704561816,0.3437583651448286,0.409210674633374,0.26164897097915396,0.1908073139797569,0.14825861196084159,0.16399020478164258,0.36397783321911775,Sat Aug 27 17:07:10 2022,9223,val
26,0.4691255404398991,0.3914589981236245,0.23609398329993686,0.15736319909280508,0.11100204200546888,0.15733830583025143,0.33715472309309374,0.4395623140593455,0.283661415028419,0.20599364873761936,0.1589768079101465,0.1801582456612488,0.3728147261101128,Sat Aug 27 17:07:10 2022,9223,test
