epoch,train_loss,val_BLEU_1,val_BLEU_2,val_BLEU_3,val_BLEU_4,val_METEOR,val_ROUGE_L,test_BLEU_1,test_BLEU_2,test_BLEU_3,test_BLEU_4,test_METEOR,test_ROUGE_L,time,seed,best_model_from
26,0.4743025814111416,0.4040293215778304,0.24782476870103576,0.17134099609031586,0.1268310694824745,0.16507477612205537,0.35095390649649527,0.43041421870234514,0.26947806871828406,0.1914317955425183,0.1453026629480922,0.17595206437254712,0.36448898690009757,Sun Jun 19 14:21:26 2022,9223,val
17,0.9049198407393235,0.36869083839812716,0.2145227533600563,0.14213608022981455,0.10096012956845556,0.14608433133722687,0.32159095371574,0.4256400088473288,0.2700395514589674,0.19746480779219808,0.15468512352498878,0.1720915131035861,0.3592738053020414,Sun Jun 19 14:21:26 2022,9223,test
