epoch,train_loss,val_BLEU_1,val_BLEU_2,val_BLEU_3,val_BLEU_4,val_METEOR,val_ROUGE_L,test_BLEU_1,test_BLEU_2,test_BLEU_3,test_BLEU_4,test_METEOR,test_ROUGE_L,time,seed,best_model_from
22,0.7887851912241716,0.3919932988634358,0.24466263972961705,0.16995751093244607,0.12591963875055795,0.15989421317598432,0.357417340142362,0.42047570130029976,0.2646071245537595,0.18702831645201226,0.14260231232194714,0.17161988260429925,0.36771999140602163,Tue Aug 23 11:13:40 2022,9223,val
41,0.2554850942813433,0.3817292230363921,0.22602013629474085,0.15104346837047494,0.10709780104802179,0.15596377850648885,0.33678793116775985,0.41286381972724856,0.259755487182285,0.18594010615034018,0.1426851242990476,0.1681141178742982,0.3609866484085225,Tue Aug 23 11:13:40 2022,9223,test
