epoch,train_loss,val_BLEU_1,val_BLEU_2,val_BLEU_3,val_BLEU_4,val_METEOR,val_ROUGE_L,test_BLEU_1,test_BLEU_2,test_BLEU_3,test_BLEU_4,test_METEOR,test_ROUGE_L,time,seed,best_model_from
20,0.7389637903525279,0.38453422137288784,0.24080054126861292,0.16851797320624903,0.125140039164177,0.15769233634404578,0.3506505628873218,0.3855171621551407,0.24080480348940603,0.16954700003368817,0.12679796152467462,0.1565486129070627,0.350185805971754,Sun Aug 21 03:23:25 2022,9223,val
20,0.7389637903525279,0.38453422137288784,0.24080054126861292,0.16851797320624903,0.125140039164177,0.15769233634404578,0.3506505628873218,0.3855171621551407,0.24080480348940603,0.16954700003368817,0.12679796152467462,0.1565486129070627,0.350185805971754,Sun Aug 21 03:23:25 2022,9223,test
