epoch,train_loss,val_BLEU_1,val_BLEU_2,val_BLEU_3,val_BLEU_4,val_METEOR,val_ROUGE_L,test_BLEU_1,test_BLEU_2,test_BLEU_3,test_BLEU_4,test_METEOR,test_ROUGE_L,time,seed,best_model_from
22,0.8502569198608398,0.4243971252345831,0.2660937637442233,0.18349692271278864,0.13393490469355684,0.17237403435282628,0.365887411209361,0.45679530845408817,0.2964834520441659,0.21526789991832085,0.1676418993184656,0.1882059372294016,0.3840174230826135,Tue Sep  6 19:19:19 2022,9223,val
22,0.8502569198608398,0.4243971252345831,0.2660937637442233,0.18349692271278864,0.13393490469355684,0.17237403435282628,0.365887411209361,0.45679530845408817,0.2964834520441659,0.21526789991832085,0.1676418993184656,0.1882059372294016,0.3840174230826135,Tue Sep  6 19:19:19 2022,9223,test
