epoch,train_loss,val_BLEU_1,val_BLEU_2,val_BLEU_3,val_BLEU_4,val_METEOR,val_ROUGE_L,test_BLEU_1,test_BLEU_2,test_BLEU_3,test_BLEU_4,test_METEOR,test_ROUGE_L,time,seed,best_model_from
11,1.5486818918815026,0.24614861617721795,0.16741683579143887,0.1256885403486203,0.1031351532071795,0.12428637940028554,0.5300186465883481,0.2937555225519587,0.20267115630496504,0.15307109691481338,0.12854090242541993,0.1393470935277814,0.5580558793618627,Sun Sep 18 01:25:10 2022,9223,val
11,1.5486818918815026,0.24614861617721795,0.16741683579143887,0.1256885403486203,0.1031351532071795,0.12428637940028554,0.5300186465883481,0.2937555225519587,0.20267115630496504,0.15307109691481338,0.12854090242541993,0.1393470935277814,0.5580558793618627,Sun Sep 18 01:25:10 2022,9223,test
