epoch,train_loss,val_BLEU_1,val_BLEU_2,val_BLEU_3,val_BLEU_4,val_METEOR,val_ROUGE_L,test_BLEU_1,test_BLEU_2,test_BLEU_3,test_BLEU_4,test_METEOR,test_ROUGE_L,time,seed,best_model_from
11,1.5153708558816177,0.2493212328739698,0.17102359227383204,0.1290781255333199,0.10681211141844203,0.12650295913033277,0.5324254165364957,0.30474514323046215,0.20831463727386504,0.1572927414052543,0.1324339748445557,0.140643222490502,0.5568406314826421,Mon Sep 19 15:17:53 2022,9223,val
11,1.5153708558816177,0.2493212328739698,0.17102359227383204,0.1290781255333199,0.10681211141844203,0.12650295913033277,0.5324254165364957,0.30474514323046215,0.20831463727386504,0.1572927414052543,0.1324339748445557,0.140643222490502,0.5568406314826421,Mon Sep 19 15:17:53 2022,9223,test
