epoch,train_loss,val_BLEU_1,val_BLEU_2,val_BLEU_3,val_BLEU_4,val_METEOR,val_ROUGE_L,test_BLEU_1,test_BLEU_2,test_BLEU_3,test_BLEU_4,test_METEOR,test_ROUGE_L,time,seed,best_model_from
4,1.9454111961218028,0.31197045560543124,0.21808865619121412,0.1691420571247468,0.14728116204996336,0.14946143890686836,0.5794177073025665,0.37537732366373033,0.2628356430500916,0.2027830496028806,0.17711006928728604,0.1700958722052938,0.608658348233755,Thu Sep 22 17:18:21 2022,9223,val
4,1.9454111961218028,0.31197045560543124,0.21808865619121412,0.1691420571247468,0.14728116204996336,0.14946143890686836,0.5794177073025665,0.37537732366373033,0.2628356430500916,0.2027830496028806,0.17711006928728604,0.1700958722052938,0.608658348233755,Thu Sep 22 17:18:21 2022,9223,test
