epoch,train_loss,val_BLEU_1,val_BLEU_2,val_BLEU_3,val_BLEU_4,val_METEOR,val_ROUGE_L,test_BLEU_1,test_BLEU_2,test_BLEU_3,test_BLEU_4,test_METEOR,test_ROUGE_L,time,seed,best_model_from
38,0.2397004730426348,0.3697052959947211,0.2285431154500519,0.16062863398313224,0.12186636371224109,0.15254771454798163,0.3461541545231119,0.39966842755389004,0.24895662205365046,0.17373509847622293,0.1295843199609388,0.16422704937491814,0.3595345838637246,Mon Aug  1 01:45:46 2022,9223,val
17,0.9448939305085402,0.36318446309465585,0.21424358636775317,0.14439262117666454,0.10438937473101716,0.14296746845366493,0.32840116272483094,0.40089735472565907,0.2531850627173401,0.18379241907965171,0.14253458056624796,0.16292875051824338,0.3554063739033153,Mon Aug  1 01:45:46 2022,9223,test
