epoch,train_loss,val_BLEU_1,val_BLEU_2,val_BLEU_3,val_BLEU_4,val_METEOR,val_ROUGE_L,test_BLEU_1,test_BLEU_2,test_BLEU_3,test_BLEU_4,test_METEOR,test_ROUGE_L,time,seed,best_model_from
22,0.5585661835395372,0.3688709011043615,0.2369074748497319,0.170035912410035,0.12886210797844336,0.15343977263382375,0.3556835992615148,0.3803745302761996,0.23788033287217078,0.16935409718106573,0.12847568556953032,0.15879391992620512,0.3626242440466903,Tue Sep 20 20:43:41 2022,9223,val
15,0.9282983885361598,0.3966957847513149,0.2356830998140509,0.16078571065012795,0.11978670030026488,0.15291978495353098,0.34531600458658956,0.4379384232860009,0.2688504694923185,0.19163226672762876,0.14687680643373338,0.17268312514999637,0.36392188607202075,Tue Sep 20 20:43:41 2022,9223,test
