epoch,train_loss,val_BLEU_1,val_BLEU_2,val_BLEU_3,val_BLEU_4,val_METEOR,val_ROUGE_L,test_BLEU_1,test_BLEU_2,test_BLEU_3,test_BLEU_4,test_METEOR,test_ROUGE_L,time,seed,best_model_from
34,0.30537487600858393,0.3939870761436329,0.24103451774662746,0.16795425827949792,0.12567973309329444,0.15860562883623538,0.3366712445356624,0.4185125998802479,0.2592886324458132,0.18140925848110506,0.13600508953863388,0.1685050932114578,0.35324406545779347,Thu Sep 15 21:52:12 2022,9223,val
26,0.50521408365323,0.3897515931263678,0.23843942728321318,0.1625328880461045,0.11726754179235621,0.15351694118116102,0.3390543171261325,0.44419493536173466,0.28040805033660005,0.20289631142952158,0.156521242289201,0.17718309720176129,0.36779277702648105,Thu Sep 15 21:52:12 2022,9223,test
