epoch,train_loss,val_BLEU_1,val_BLEU_2,val_BLEU_3,val_BLEU_4,val_METEOR,val_ROUGE_L,test_BLEU_1,test_BLEU_2,test_BLEU_3,test_BLEU_4,test_METEOR,test_ROUGE_L,time,seed,best_model_from
23,0.6395000191835257,0.3683407312909376,0.23289715207182746,0.16591126954144203,0.12586894690926217,0.15058144812664473,0.3533585713150864,0.3977284678821484,0.2502755262767132,0.17952990270299374,0.13800827857116232,0.16222638354510635,0.36677016702287163,Wed Jul 27 11:58:47 2022,9223,val
20,0.7802967805128831,0.3472559814558258,0.20041006427440042,0.13293647820319962,0.09498448307237525,0.1410366510768744,0.32283710223712864,0.4115384837973111,0.26517653289077536,0.19691817238130932,0.1576583992376892,0.1700254654952159,0.3731657395596151,Wed Jul 27 11:58:47 2022,9223,test
