val_BLEU_4,epoch,train_loss,val_BLEU_1,val_BLEU_2,val_BLEU_3,val_METEOR,val_ROUGE_L,test_BLEU_1,test_BLEU_2,test_BLEU_3,test_BLEU_4,test_METEOR,test_ROUGE_L,time,seed,best_model_from
0.13692397846176949,1,4.520304681704594,0.43951459992411457,0.2791767799613056,0.19013237443236614,0.15921957440166096,0.36827766560738456,0.42781387349510663,0.2718513447561816,0.18895100536168033,0.1392823618482767,0.17279125979479718,0.3777134617996531,Sat Aug  6 04:14:06 2022,9223,val
0.09382487899315589,30,0.6336919541542346,0.3148964669367794,0.19308240693258963,0.13115386813155405,0.1398586439330789,0.3079753085580686,0.36447311983589536,0.2391782125964398,0.1774273745192193,0.13988864084198152,0.1604790764303777,0.3407919901477728,Sat Aug  6 04:14:06 2022,9223,test
