epoch,train_loss,val_BLEU_1,val_BLEU_2,val_BLEU_3,val_BLEU_4,val_METEOR,val_ROUGE_L,test_BLEU_1,test_BLEU_2,test_BLEU_3,test_BLEU_4,test_METEOR,test_ROUGE_L,time,seed,best_model_from
16,0.9711815783610711,0.4005117357461047,0.24624768949702638,0.17141638392738714,0.12930510347324728,0.15872340226475035,0.3478978829386703,0.4341629639374668,0.27092773015833194,0.1950937447384503,0.1517955789991743,0.17283726925579607,0.36478112617896097,Tue Aug  9 03:46:43 2022,9223,val
14,1.1031006570045765,0.4066155070979419,0.2436895564380766,0.1635363165327416,0.11733668488456653,0.16183318628780796,0.3398900176132347,0.45612587317595954,0.2931599327578154,0.21450815419966857,0.16806034353337287,0.18513702043016014,0.37104044679932924,Tue Aug  9 03:46:43 2022,9223,test
