epoch,train_loss,val_BLEU_1,val_BLEU_2,val_BLEU_3,val_BLEU_4,val_METEOR,val_ROUGE_L,test_BLEU_1,test_BLEU_2,test_BLEU_3,test_BLEU_4,test_METEOR,test_ROUGE_L,time,seed,best_model_from
22,0.6721469450455445,0.3702544356109162,0.2317884038266058,0.16424071195327494,0.1252977931117122,0.15543717542322277,0.3522030740023388,0.41069188549643454,0.2576694498624958,0.18205105304992902,0.13886859140281135,0.1703569655204701,0.3688127025606456,Sat Jul 30 10:34:27 2022,9223,val
16,1.0052164898468898,0.41255385216681684,0.2500316073204591,0.16647144400913344,0.11784053302060521,0.16248303276173237,0.3473804745283462,0.4639860965003882,0.296702288299427,0.2130861371286501,0.16351566177469987,0.1855164094582505,0.3791007765957435,Sat Jul 30 10:34:27 2022,9223,test
