epoch,train_loss,val_BLEU_1,val_BLEU_2,val_BLEU_3,val_BLEU_4,val_METEOR,val_ROUGE_L,test_BLEU_1,test_BLEU_2,test_BLEU_3,test_BLEU_4,test_METEOR,test_ROUGE_L,time,seed,best_model_from
78,0.061164392731510676,0.4065367645549161,0.24587403798314472,0.1664998075645374,0.12008261514993704,0.16012772065274034,0.33024129585141704,0.4112168678534892,0.24743864090280662,0.16852741131783336,0.1230414636823115,0.1647812569566212,0.33855487092749237,Wed Aug 10 15:05:15 2022,9223,val
20,0.727393560226147,0.38634684434606953,0.22780219519309716,0.15091036755000506,0.10756779699304904,0.15459281518445003,0.32328361562506136,0.42924059838406503,0.2739326866254283,0.1978582273101449,0.15295497628298202,0.17600111517492337,0.35567654192846554,Wed Aug 10 15:05:15 2022,9223,test
