epoch,train_loss,val_BLEU_1,val_BLEU_2,val_BLEU_3,val_BLEU_4,val_METEOR,val_ROUGE_L,test_BLEU_1,test_BLEU_2,test_BLEU_3,test_BLEU_4,test_METEOR,test_ROUGE_L,time,seed,best_model_from
1,4.202306831800021,0.37803008293940604,0.26180726222366957,0.19350070846691922,0.14574662112251174,0.17256602635420357,0.3916984507402453,0.4300342205145881,0.30196848287071304,0.22954823562330895,0.1784927000489515,0.18935702964848294,0.41299368606402137,Fri Sep 23 00:38:21 2022,9223,val
1,4.202306831800021,0.37803008293940604,0.26180726222366957,0.19350070846691922,0.14574662112251174,0.17256602635420357,0.3916984507402453,0.4300342205145881,0.30196848287071304,0.22954823562330895,0.1784927000489515,0.18935702964848294,0.41299368606402137,Fri Sep 23 00:38:21 2022,9223,test
