epoch,train_loss,val_BLEU_1,val_BLEU_2,val_BLEU_3,val_BLEU_4,val_METEOR,val_ROUGE_L,test_BLEU_1,test_BLEU_2,test_BLEU_3,test_BLEU_4,test_METEOR,test_ROUGE_L,time,seed,best_model_from
2,2.363242355676798,0.39281017461517553,0.28040345634204933,0.21863171465562012,0.19130639731530674,0.1742605812497749,0.5434967345918887,0.44220044462491453,0.3128384580080545,0.2407388226053418,0.20970100694151345,0.1919676846987126,0.5684294605585319,Fri Sep 23 14:47:31 2022,9223,val
5,1.779324211524083,0.39043669923985724,0.2773363066298487,0.21573484234670748,0.18851910476891728,0.17343021298405917,0.5415679358276468,0.4412104436294856,0.31217729061840216,0.2411392060407298,0.21046066013094886,0.1914736030475031,0.5677107306722414,Fri Sep 23 14:47:31 2022,9223,test
