epoch,train_loss,val_BLEU_1,val_BLEU_2,val_BLEU_3,val_BLEU_4,val_METEOR,val_ROUGE_L,test_BLEU_1,test_BLEU_2,test_BLEU_3,test_BLEU_4,test_METEOR,test_ROUGE_L,time,seed,best_model_from
15,0.9443144651559683,0.31281749538021353,0.2107432632848471,0.15813966427121443,0.12992637807164728,0.13967896200952565,0.5753839607350126,0.3738523642567369,0.2510722431790925,0.18364093391739142,0.14943112899293304,0.15894925010073813,0.6026332684610267,Mon Sep 19 22:33:23 2022,9223,val
5,1.8982162007918724,0.27275848511510226,0.1904305129282456,0.14791354701181955,0.12891913122072005,0.13869958850204792,0.577110333118382,0.33646136126545256,0.2353244529831466,0.18155765466055357,0.15857997961098802,0.1579354851887217,0.6060455386280864,Mon Sep 19 22:33:23 2022,9223,test
