epoch,train_loss,val_BLEU_1,val_BLEU_2,val_BLEU_3,val_BLEU_4,val_METEOR,val_ROUGE_L,test_BLEU_1,test_BLEU_2,test_BLEU_3,test_BLEU_4,test_METEOR,test_ROUGE_L,time,seed,best_model_from
27,0.3998297223678002,0.3926318551919654,0.24866623060915607,0.17715351049943703,0.1343595971707995,0.1576278691905129,0.35807671400707997,0.4073330278811094,0.25617113253205404,0.1826612695054212,0.13864294449292888,0.16436173997250283,0.36078831696442615,Sun Jul 31 01:09:44 2022,9223,val
23,0.5409457674393288,0.400886339653924,0.24158843505354527,0.16154535222081734,0.11445731186689619,0.15824832087585108,0.3450557488134396,0.44683065170560904,0.28465022135793316,0.2064497536219859,0.16035002592481978,0.17905919861404215,0.3721622793188572,Sun Jul 31 01:09:44 2022,9223,test
