epoch,train_loss,val_BLEU_1,val_BLEU_2,val_BLEU_3,val_BLEU_4,val_METEOR,val_ROUGE_L,test_BLEU_1,test_BLEU_2,test_BLEU_3,test_BLEU_4,test_METEOR,test_ROUGE_L,time,seed,best_model_from
47,0.170641595354447,0.41797469196967607,0.2515481421656458,0.17089983244963852,0.12580421134079922,0.16580411375395745,0.320544533993956,0.41970705725696833,0.254891693527087,0.17645813109698033,0.13159036495335277,0.17077387995204238,0.335363803113743,Tue Jun 21 02:05:15 2022,9223,val
26,0.43057748148074515,0.4076770445105688,0.24617205284598517,0.16666487479680273,0.11933191607692455,0.16054443988548833,0.33697066332693854,0.4410883875986106,0.28233243880970355,0.2044779062024807,0.15935977467563534,0.17931518439423844,0.3711578087837471,Tue Jun 21 02:05:15 2022,9223,test
