epoch,train_loss,val_BLEU_1,val_BLEU_2,val_BLEU_3,val_BLEU_4,val_METEOR,val_ROUGE_L,test_BLEU_1,test_BLEU_2,test_BLEU_3,test_BLEU_4,test_METEOR,test_ROUGE_L,time,seed,best_model_from
41,0.23497558121497814,0.3751134555061596,0.22745652804501318,0.15407101300796885,0.11232970201703138,0.14895727372516313,0.3265945700495388,0.39210741063305726,0.23334584144122225,0.15712001630287517,0.11360605344895307,0.1538858616332225,0.32812293586543345,Tue Sep 13 15:14:40 2022,9223,val
26,0.5898698449134827,0.3745544055834048,0.22156138129361502,0.148362033705012,0.10558001713514358,0.14943244022428884,0.33129974170413357,0.42727166827734914,0.2757829810792567,0.2039602755256418,0.1612360861518982,0.1752753580544798,0.3640685558648227,Tue Sep 13 15:14:40 2022,9223,test
