epoch,train_loss,val_BLEU_1,val_BLEU_2,val_BLEU_3,val_BLEU_4,val_METEOR,val_ROUGE_L,test_BLEU_1,test_BLEU_2,test_BLEU_3,test_BLEU_4,test_METEOR,test_ROUGE_L,time,seed,best_model_from
1,4.202306831800021,0.37168194048461667,0.25763392258119167,0.1905910261933637,0.14369495451311132,0.1674246031817659,0.3916984507402453,0.425126500384458,0.29878016415900205,0.22733235192662285,0.17694135854611404,0.18627447980272402,0.41299368606402137,Thu Sep 22 03:17:06 2022,9223,val
1,4.202306831800021,0.37168194048461667,0.25763392258119167,0.1905910261933637,0.14369495451311132,0.1674246031817659,0.3916984507402453,0.425126500384458,0.29878016415900205,0.22733235192662285,0.17694135854611404,0.18627447980272402,0.41299368606402137,Thu Sep 22 03:17:06 2022,9223,test
