epoch,train_loss,val_BLEU_1,val_BLEU_2,val_BLEU_3,val_BLEU_4,val_METEOR,val_ROUGE_L,test_BLEU_1,test_BLEU_2,test_BLEU_3,test_BLEU_4,test_METEOR,test_ROUGE_L,time,seed,best_model_from
10,1.4289339083891648,0.32682661593339846,0.23103491161963274,0.17791563260029267,0.15019541140119017,0.15388620915806173,0.5433574587754716,0.38776818143491065,0.2720698032013965,0.20905079507006533,0.17898079649411652,0.17326478002009854,0.5668672309965372,Thu Sep 22 17:26:31 2022,9223,val
10,1.4289339083891648,0.32682661593339846,0.23103491161963274,0.17791563260029267,0.15019541140119017,0.15388620915806173,0.5433574587754716,0.38776818143491065,0.2720698032013965,0.20905079507006533,0.17898079649411652,0.17326478002009854,0.5668672309965372,Thu Sep 22 17:26:31 2022,9223,test
