epoch,train_loss,val_BLEU_1,val_BLEU_2,val_BLEU_3,val_BLEU_4,val_METEOR,val_ROUGE_L,test_BLEU_1,test_BLEU_2,test_BLEU_3,test_BLEU_4,test_METEOR,test_ROUGE_L,time,seed,best_model_from
1,4.47390381372892,0.44051943334540133,0.27569864970878577,0.18428767134471627,0.1304204339474007,0.17317522259152723,0.3721529125932316,0.42692290009652767,0.2724774342821003,0.18857486086848313,0.13762678613085555,0.18663440942885962,0.38549987951581466,Mon Aug  8 02:03:53 2022,9223,val
1,4.47390381372892,0.44051943334540133,0.27569864970878577,0.18428767134471627,0.1304204339474007,0.17317522259152723,0.3721529125932316,0.42692290009652767,0.2724774342821003,0.18857486086848313,0.13762678613085555,0.18663440942885962,0.38549987951581466,Mon Aug  8 02:03:53 2022,9223,test
