epoch,train_loss,val_BLEU_1,val_BLEU_2,val_BLEU_3,val_BLEU_4,val_METEOR,val_ROUGE_L,test_BLEU_1,test_BLEU_2,test_BLEU_3,test_BLEU_4,test_METEOR,test_ROUGE_L,time,seed,best_model_from
46,0.16694210102924933,0.3813439449784466,0.23109738721940237,0.15992488817779835,0.12045871672903512,0.15508621353625068,0.33365321323078456,0.41021625397466316,0.2501368778853563,0.17512727852395937,0.1318635307914339,0.16570137572663435,0.3344009234724925,Fri Sep 23 06:23:54 2022,9223,val
27,0.4549912044635186,0.4075396551981286,0.24335725665583385,0.1603633893067997,0.1126514726226632,0.15894553203313638,0.3417251141033815,0.4495526437618311,0.2863387799363554,0.20771045587570727,0.16207725446769858,0.18121459788261562,0.37317234332156307,Fri Sep 23 06:23:54 2022,9223,test
