epoch,train_loss,val_BLEU_1,val_BLEU_2,val_BLEU_3,val_BLEU_4,val_METEOR,val_ROUGE_L,test_BLEU_1,test_BLEU_2,test_BLEU_3,test_BLEU_4,test_METEOR,test_ROUGE_L,time,seed,best_model_from
15,1.023127343104436,0.3741655625640349,0.2350982839750056,0.1628535062385422,0.1207504560038204,0.1625596551567554,0.3549518557634937,0.4035027613649251,0.2564486393507608,0.1816293124943231,0.1384331276551325,0.1747501276505122,0.3632624861874713,Tue Jul  5 15:14:22 2022,9223,val
17,0.9022639343371758,0.3741548587331058,0.2215201316298154,0.1497412913004465,0.1088009050860732,0.1488416085572687,0.3311107733574446,0.4126451233979344,0.2634910887204219,0.1949753842059637,0.1546103927329876,0.1685414691664721,0.3629731896797497,Tue Jul  5 15:14:22 2022,9223,test
