epoch,train_loss,val_BLEU_1,val_BLEU_2,val_BLEU_3,val_BLEU_4,val_METEOR,val_ROUGE_L,test_BLEU_1,test_BLEU_2,test_BLEU_3,test_BLEU_4,test_METEOR,test_ROUGE_L,time,seed,best_model_from
15,0.9505425629707484,0.40619858730982494,0.24949792510342184,0.17216649296865585,0.12694586831441296,0.16001686675071483,0.3510698430917577,0.4531721763382862,0.2904606634550649,0.21298691149182417,0.16681719345225557,0.18240436974136073,0.3818165446273943,Thu Jul 28 12:36:17 2022,9223,val
15,0.9505425629707484,0.40619858730982494,0.24949792510342184,0.17216649296865585,0.12694586831441296,0.16001686675071483,0.3510698430917577,0.4531721763382862,0.2904606634550649,0.21298691149182417,0.16681719345225557,0.18240436974136073,0.3818165446273943,Thu Jul 28 12:36:17 2022,9223,test
