epoch,train_loss,val_BLEU_1,val_BLEU_2,val_BLEU_3,val_BLEU_4,val_METEOR,val_ROUGE_L,test_BLEU_1,test_BLEU_2,test_BLEU_3,test_BLEU_4,test_METEOR,test_ROUGE_L,time,seed,best_model_from
47,0.24048286504470384,0.16673165372812748,0.09241817867823961,0.042505214602695095,0.02389682064834968,0.05758400371832878,0.34206364574047593,0.1702189781021401,0.08825514824004932,0.03252858570339391,2.1044063601181593e-06,0.06031887577559788,0.3458729881524482,Sat Sep 17 18:20:58 2022,9223,val
18,0.7802884179812212,0.16578339417165808,0.10556665102120202,0.039128691398459745,2.9973568157083923e-06,0.04967450472712701,0.38608664938122267,0.18940717398285145,0.11976098545070117,0.04885332069526377,0.024705156843077405,0.05337905065773142,0.3891406749264607,Sat Sep 17 18:20:58 2022,9223,test
