val_BLEU_4,epoch,train_loss,val_BLEU_1,val_BLEU_2,val_BLEU_3,val_METEOR,val_ROUGE_L,test_BLEU_1,test_BLEU_2,test_BLEU_3,test_BLEU_4,test_METEOR,test_ROUGE_L,time,seed,best_model_from
0.12736999607308194,23,0.6395000191835257,0.37408327999636404,0.23625769166714444,0.1681028630712084,0.15450686055372118,0.34828664198575077,0.4009579853010706,0.25206168855229594,0.18062551622411052,0.13870010407268032,0.16365692002255333,0.3623605079383352,Tue Jul 26 14:04:18 2022,9223,val
0.09555556364453874,20,0.7802967805128831,0.3499252819294993,0.20184445987964636,0.13381385867308293,0.14541958490748014,0.32106557688351123,0.41280161757809464,0.26589164891572536,0.19737200384485468,0.1579565691002151,0.1717856689179845,0.37169166959255123,Tue Jul 26 14:04:18 2022,9223,test
