epoch,train_loss,val_BLEU_1,val_BLEU_2,val_BLEU_3,val_BLEU_4,val_METEOR,val_ROUGE_L,test_BLEU_1,test_BLEU_2,test_BLEU_3,test_BLEU_4,test_METEOR,test_ROUGE_L,time,seed,best_model_from
10,1.4848465662736159,0.329947088231788,0.22464689945554972,0.163302727365373,0.12508100530197888,0.1546910703466752,0.5365710410471763,0.38203700051747763,0.255925770579302,0.1830136081531468,0.14061240490552387,0.16215197712304727,0.560302796830238,Wed Sep 21 16:13:02 2022,9223,val
5,2.0492328056922324,0.3113810821951192,0.21049225917593792,0.15551964244895708,0.12302654735505279,0.14942633739577516,0.5367683825221303,0.3683004656780733,0.24941339060037793,0.1830395661370306,0.14510518789765914,0.16177606438784947,0.5623158200459297,Wed Sep 21 16:13:02 2022,9223,test
