epoch,train_loss,val_BLEU_1,val_BLEU_2,val_BLEU_3,val_BLEU_4,val_METEOR,val_ROUGE_L,test_BLEU_1,test_BLEU_2,test_BLEU_3,test_BLEU_4,test_METEOR,test_ROUGE_L,time,seed,best_model_from
2,2.363242355676798,0.4119042979044825,0.28469680667907366,0.21114952042750948,0.16769132650027782,0.17820212832177654,0.5434967345918887,0.45423728813528524,0.3111496968814821,0.22775770767107456,0.18006596601371455,0.18473771145682985,0.5684294605585319,Fri Sep 23 14:44:44 2022,9223,val
5,1.779324211524083,0.4094154501830053,0.28158269482017784,0.20835178726363562,0.1652481003927995,0.17756196596315998,0.5415679358276468,0.45322033898274355,0.3104920985983678,0.22813650163727642,0.18071826467162821,0.18424171816317514,0.5677107306722414,Fri Sep 23 14:44:44 2022,9223,test
