val_BLEU_4,epoch,train_loss,val_BLEU_1,val_BLEU_2,val_BLEU_3,val_METEOR,val_ROUGE_L,test_BLEU_1,test_BLEU_2,test_BLEU_3,test_BLEU_4,test_METEOR,test_ROUGE_L,time,seed,best_model_from
0.13813045161168505,15,0.9214617220255045,0.42776332643787285,0.2657041967411128,0.18578465957451806,0.16777077675874413,0.33985325840526515,0.46151441503450913,0.2988383857747768,0.22053008345513775,0.17329981623513896,0.18667550747372466,0.3627876019735385,Mon Mar 28 21:20:19 2022,9223,val
0.13813045161168505,15,0.9214617220255045,0.42776332643787285,0.2657041967411128,0.18578465957451806,0.16777077675874413,0.33985325840526515,0.46151441503450913,0.2988383857747768,0.22053008345513775,0.17329981623513896,0.18667550747372466,0.3627876019735385,Mon Mar 28 21:20:19 2022,9223,test
