epoch,train_loss,val_BLEU_1,val_BLEU_2,val_BLEU_3,val_BLEU_4,val_METEOR,val_ROUGE_L,test_BLEU_1,test_BLEU_2,test_BLEU_3,test_BLEU_4,test_METEOR,test_ROUGE_L,time,seed,best_model_from
23,0.5915756947719134,0.3656010712120598,0.22565832747302494,0.15799824274464716,0.11737168625042521,0.14957365662236302,0.34198843716880317,0.39829427098764514,0.24765639414218757,0.17498707325439994,0.13223578648255638,0.1645356910357921,0.3573957476625335,Tue Jul 19 14:00:56 2022,9223,val
25,0.5113368082505007,0.38671372488536354,0.23039036247939124,0.15355164690636638,0.1094362442090672,0.15327695114914144,0.33591418009376756,0.4246576525993489,0.2638596417986354,0.18645237977893472,0.1414062308775834,0.17075661110430146,0.3609358300964438,Tue Jul 19 14:00:56 2022,9223,test
