epoch,train_loss,val_BLEU_1,val_BLEU_2,val_BLEU_3,val_BLEU_4,val_METEOR,val_ROUGE_L,test_BLEU_1,test_BLEU_2,test_BLEU_3,test_BLEU_4,test_METEOR,test_ROUGE_L,time,seed,best_model_from
4,1.7770361047524672,0.39043669923985724,0.2773363066298487,0.21573484234670748,0.18851910476891728,0.17343021298405917,0.5832279885888775,0.4412104436294856,0.31217729061840216,0.2411392060407298,0.21046066013094886,0.1914736030475031,0.6124897117723077,Wed Sep 21 15:13:41 2022,9223,val
4,1.7770361047524672,0.39043669923985724,0.2773363066298487,0.21573484234670748,0.18851910476891728,0.17343021298405917,0.5832279885888775,0.4412104436294856,0.31217729061840216,0.2411392060407298,0.21046066013094886,0.1914736030475031,0.6124897117723077,Wed Sep 21 15:13:41 2022,9223,test
