epoch,train_loss,val_BLEU_1,val_BLEU_2,val_BLEU_3,val_BLEU_4,val_METEOR,val_ROUGE_L,test_BLEU_1,test_BLEU_2,test_BLEU_3,test_BLEU_4,test_METEOR,test_ROUGE_L,time,seed,best_model_from
15,1.0099565648115598,0.4101095490515265,0.2532517139349773,0.17919976365971063,0.13620094279233952,0.15888588818078506,0.3378366862361715,0.45720374907508393,0.2897275230157864,0.21213298405245334,0.16573985986053283,0.18048390654431257,0.3612727278790694,Wed Apr 13 22:24:49 2022,9223,val
15,1.0099565648115598,0.4101095490515265,0.2532517139349773,0.17919976365971063,0.13620094279233952,0.15888588818078506,0.3378366862361715,0.45720374907508393,0.2897275230157864,0.21213298405245334,0.16573985986053283,0.18048390654431257,0.3612727278790694,Wed Apr 13 22:24:49 2022,9223,test
