val_BLEU_4,epoch,train_loss,val_BLEU_1,val_BLEU_2,val_BLEU_3,val_METEOR,val_ROUGE_L,test_BLEU_1,test_BLEU_2,test_BLEU_3,test_BLEU_4,test_METEOR,test_ROUGE_L,time,seed,best_model_from
0.12836935711634087,1,3.958474529706515,0.38691944090675723,0.24233051343011877,0.17223471395023743,0.1493882415479589,0.38215870740036145,0.42747877245913846,0.2677962846251387,0.1927256983651906,0.14567377660629982,0.16404013365282977,0.3931531587412972,Sun Jul 24 01:38:07 2022,9223,val
0.10329295791601678,15,0.9828505030045143,0.36211990133190136,0.21239892246331468,0.14274255468961491,0.14421568490098616,0.33891131608812675,0.42010665408183223,0.26387770766881746,0.19234794299571253,0.15130810809594716,0.16906933239142957,0.3666050308569704,Sun Jul 24 01:38:07 2022,9223,test
