val_BLEU_4,epoch,train_loss,val_BLEU_1,val_BLEU_2,val_BLEU_3,val_METEOR,val_ROUGE_L,test_BLEU_1,test_BLEU_2,test_BLEU_3,test_BLEU_4,test_METEOR,test_ROUGE_L,time,seed,best_model_from
0.12728820582553307,28,0.47559237205065213,0.39902590722392456,0.24365528190831803,0.16979835893087994,0.16034959003948732,0.3423808276245849,0.4257725231116214,0.26796639752492313,0.19358172734332105,0.1502651867756896,0.16983933720980096,0.3612680219241663,Thu Jun 16 19:14:19 2022,9223,val
0.11497336745122726,26,0.5479222657588813,0.4020941576024574,0.23847973548171883,0.16006937770328925,0.16161549292957347,0.3321579854408151,0.4483314002192947,0.28968619374266774,0.21122582881927715,0.16461470785503343,0.18410358615303274,0.3674319515261039,Thu Jun 16 19:14:19 2022,9223,test
