epoch,train_loss,val_BLEU_1,val_BLEU_2,val_BLEU_3,val_BLEU_4,val_METEOR,val_ROUGE_L,test_BLEU_1,test_BLEU_2,test_BLEU_3,test_BLEU_4,test_METEOR,test_ROUGE_L,time,seed,best_model_from
26,0.4616101989379296,0.3711388419096793,0.22839742672886493,0.1595826115790293,0.11917015051480657,0.15322581529765897,0.3546720377936129,0.41333515654383524,0.263281707398547,0.18847250938684734,0.14422751980715587,0.1679002375141167,0.37040590743760904,Fri Jul 29 16:26:23 2022,9223,val
17,0.8930898909385387,0.39609266134444093,0.2354964102162868,0.15928844003264944,0.11606544323666257,0.15247591977712446,0.3374775374696334,0.4426506378663598,0.2806802232324505,0.2063959080669678,0.16344184426873867,0.1752513131009792,0.3677559664892473,Fri Jul 29 16:26:23 2022,9223,test
