epoch,train_loss,val_BLEU_1,val_BLEU_2,val_BLEU_3,val_BLEU_4,val_METEOR,val_ROUGE_L,test_BLEU_1,test_BLEU_2,test_BLEU_3,test_BLEU_4,test_METEOR,test_ROUGE_L,time,seed,best_model_from
34,0.38987429715119876,0.37399427864576734,0.23792992952364642,0.17033926782659647,0.12985250565465545,0.15628629115666123,0.3496907757270728,0.4076532370216121,0.2532580042141783,0.17743545417128634,0.13290976279131986,0.1671501485443964,0.35622725457498555,Fri Sep  2 17:41:15 2022,9223,val
22,0.8156216942347013,0.3956241925359276,0.2440925615589488,0.1637446507882908,0.11545664798762778,0.1614295660756664,0.35138689779413457,0.437178672019245,0.27551757908976016,0.19360054963745466,0.14589706043069922,0.17459788121582023,0.3749716361381348,Fri Sep  2 17:41:15 2022,9223,test
