val_BLEU_4,epoch,train_loss,val_BLEU_1,val_BLEU_2,val_BLEU_3,val_METEOR,val_ROUGE_L,test_BLEU_1,test_BLEU_2,test_BLEU_3,test_BLEU_4,test_METEOR,test_ROUGE_L,time,seed,best_model_from
0.15284701145740087,1,4.030440607437721,0.4550903811931764,0.2981694937694112,0.20902749835240209,0.17257596543635367,0.36733505552730744,0.4359106933019771,0.2827983615129303,0.2004259188764214,0.1493708150663068,0.1829768462415408,0.3720142537602929,Fri Jul 22 03:26:18 2022,9223,val
0.11463733298981035,21,0.645158630151015,0.3630964754156731,0.22591972550327757,0.15582314929579924,0.1507403017348959,0.34103573859689706,0.4198288024815973,0.2722285031826852,0.19916854602041223,0.15541537853709017,0.17620378883151291,0.3684216302259861,Fri Jul 22 03:26:18 2022,9223,test
