epoch,train_loss,val_BLEU_1,val_BLEU_2,val_BLEU_3,val_BLEU_4,val_METEOR,val_ROUGE_L,test_BLEU_1,test_BLEU_2,test_BLEU_3,test_BLEU_4,test_METEOR,test_ROUGE_L,time,seed,best_model_from
26,0.4743025814111416,0.4010292080269575,0.2461675677133283,0.17032800657188968,0.1261845131008105,0.16179420444754575,0.35095390649649527,0.4291775712762392,0.2688812969436653,0.1911401985083024,0.14518694265101303,0.1731536689972289,0.36448898690009757,Mon Jun 20 13:00:18 2022,9223,val
17,0.9049198407393235,0.3656280810563552,0.21289035965376327,0.1411587269973036,0.10034384581891005,0.14268959069139525,0.32159095371574,0.42453485616123615,0.26949893564101884,0.19719269051862437,0.15457342580387073,0.1693898024558714,0.3592738053020414,Mon Jun 20 13:00:18 2022,9223,test
