val_BLEU_4,epoch,train_loss,val_BLEU_1,val_BLEU_2,val_BLEU_3,val_METEOR,val_ROUGE_L,test_BLEU_1,test_BLEU_2,test_BLEU_3,test_BLEU_4,test_METEOR,test_ROUGE_L,time,seed,best_model_from
0.10866159966046819,5,2.249296467367122,0.30961302983289984,0.20644436135391878,0.14604936872459628,0.13194883989669737,0.31290340522970445,0.24361858760911054,0.15226494748877645,0.10156495562521871,0.07140907168306557,0.10566120088078484,0.2615546550246762,Sat May 28 14:52:39 2022,456789,val
0.10866159966046819,5,2.249296467367122,0.30961302983289984,0.20644436135391878,0.14604936872459628,0.13194883989669737,0.31290340522970445,0.24361858760911054,0.15226494748877645,0.10156495562521871,0.07140907168306557,0.10566120088078484,0.2615546550246762,Sat May 28 14:52:39 2022,456789,test
